requirement_id,production_id,production_title,production_type,fictional_client_id,required_category,required_primary_role,acceptable_secondary_roles,mandatory_skills,preferred_skills,city,country,latitude,longitude,venue_type,rehearsal_start_date,rehearsal_end_date,technical_rehearsal_start_date,technical_rehearsal_end_date,performance_start_date,performance_end_date,number_of_performances,contract_duration_days,talent_required,ensemble_or_solo,minimum_experience_years,minimum_director_rating,minimum_showreel_score,minimum_audition_score,physical_skill_requirement,aquatic_experience_required,aerial_experience_required,stunt_experience_required,required_safety_certifications,medical_clearance_required,audition_required,passport_validity_months_required,visa_sponsorship_available,required_languages,overnight_rehearsal_required,weekly_budget_min_usd,weekly_budget_max_usd,travel_provided,accommodation_provided,per_diem_usd,production_risk_level,urgency_level,booking_created_date,application_deadline,special_instructions,requirement_status
REQ-0001,PROD-0001,Total needs-based conglomeration Experience,Outdoor Multimedia Spectacle,CLI-0029,Performer,Musician,Dancer|Aerial Artist,Instrument Maintenance|Live Performance|Sight Reading|Ensemble Performance,Improvisation,Abu Dhabi,UAE,24.4539,54.3773,Theme Park,2026-10-04,2026-10-16,2026-10-15,2026-10-16,2026-10-17,2026-11-07,44,35,1,Ensemble,3.4,4.0,71.1,81.1,Standard,False,False,False,,False,True,6,True,English|Hindi,True,2550.0,4350.0,True,True,65.0,Medium,Critical,2026-07-03,2026-07-11,International travel documents must be ready before contracting.,Shortlisting
REQ-0002,PROD-0002,Reverse-engineered radical knowledgebase Parade,Themed Entertainment Spectacle,CLI-0039,Performer,Dancer,,Bollywood Dance|Ensemble Choreography,Ballet,Jeddah,Saudi Arabia,21.4858,39.1925,Hotel Immersive Venue,2026-09-10,2026-09-22,2026-09-20,2026-09-22,2026-09-23,2026-10-14,42,35,40,Featured,6.9,4.2,68.0,0.0,Athletic,False,False,False,,False,False,6,True,English|Arabic,False,2150.0,3750.0,True,True,45.0,Medium,Standard,2026-07-11,2026-07-27,Role requires cross-department collaboration during technical integration.,Open
REQ-0003,PROD-0003,Self-enabling value-added productivity Ceremony,Integrated Resort Show,CLI-0049,Technical,Lighting Programmer,,Networked Lighting|Fixture Management|GrandMA Programming,Timecode Programming|Troubleshooting|Moving Lights,Macau,Macau,22.1987,113.5439,Stadium,2026-12-16,2027-01-02,2026-12-31,2027-01-02,2027-01-03,2027-01-19,51,35,6,Ensemble,5.5,4.2,0.0,0.0,Standard,False,False,False,,False,False,9,True,English|Arabic,True,3500.0,5950.0,True,True,115.0,Medium,Standard,2026-07-16,2026-08-11,Candidate must attend all rehearsals and technical calls.,Auditioning
REQ-0004,PROD-0004,Re-contextualized intermediate moderator Experience,Urban Mega-Celebration,CLI-0077,Performer,Musician,,Live Performance|Instrument Maintenance,Night Rehearsals,Abu Dhabi,UAE,24.4539,54.3773,Parade Route,2026-11-29,2026-12-05,2026-12-01,2026-12-05,2026-12-06,2026-12-12,2,14,1,Featured,5.5,3.8,55.2,68.6,Athletic,False,False,False,,False,True,9,True,English,False,2750.0,5550.0,True,True,115.0,High,Standard,2026-07-12,2026-08-10,Candidate must attend all rehearsals and technical calls.,Shortlisting
REQ-0005,PROD-0005,Sharable scalable monitoring Spectacle,Opening Ceremony,CLI-0032,Creative,Choreographer,,Aerial Choreography|Creative Documentation|Aquatic Choreography,Rehearsal Planning|Movement Direction|Large Ensemble Choreography,Macau,Macau,22.1987,113.5439,Parade Route,2026-12-25,2027-01-07,2027-01-05,2027-01-07,2027-01-08,2027-01-21,35,28,20,Ensemble,9.8,4.0,72.5,73.3,Standard,False,False,False,First Aid,False,True,12,True,English,False,4200.0,4450.0,True,True,95.0,Medium,Critical,2026-07-03,2026-07-19,Production includes complex cueing and strict safety briefings.,Open
REQ-0006,PROD-0006,Integrated grid-enabled matrices Spectacle,Experiential Dining Show,CLI-0023,Creative,Sound Designer,Costume Designer|Lighting Designer,Wireless Coordination|Timecode|Playback Systems|Show Control,System Design|Acoustic Planning|Sound Design,Jeddah,Saudi Arabia,21.4858,39.1925,Theme Park,2026-10-04,2026-10-12,2026-10-06,2026-10-12,2026-10-13,2026-10-24,38,21,1,Featured,7.7,4.0,79.5,84.1,Standard,False,True,False,,False,True,9,True,English,False,4700.0,9000.0,False,True,110.0,High,Critical,2026-07-10,2026-07-17,Production includes complex cueing and strict safety briefings.,Open
REQ-0007,PROD-0007,Quality-focused discrete workforce Experience,Touring Arena Production,CLI-0016,Performer,Acrobatic Performer,Aerial Artist|Dancer,Acrobatic Partnering|Chinese Pole,Teeterboard,Jeddah,Saudi Arabia,21.4858,39.1925,Parade Route,2026-09-27,2026-10-16,2026-10-15,2026-10-16,2026-10-17,2026-11-07,36,42,2,Ensemble,9.7,4.2,66.9,86.2,Athletic,False,False,False,,True,True,9,True,English|Arabic,False,2350.0,3800.0,True,True,35.0,High,High,2026-07-16,2026-07-22,Strong ensemble discipline and rapid response to creative notes required.,Auditioning
REQ-0008,PROD-0008,Cross-group leadingedge function Resident Show,Immersive Theatre,CLI-0075,Performer,Musician,Vocalist|Dancer,In-Ear Monitoring|Live Performance|Sight Reading|Night Rehearsals,Instrument Maintenance|Ensemble Performance|Click Track,Riyadh,Saudi Arabia,24.7136,46.6753,Theme Park,2027-01-01,2027-01-05,2027-01-04,2027-01-05,2027-01-06,2027-01-14,9,14,1,Featured,8.8,4.0,55.8,76.4,Standard,False,False,False,,False,True,6,True,English,False,2600.0,4750.0,True,True,85.0,Low,High,2026-07-06,2026-07-14,Candidate must attend all rehearsals and technical calls.,Open
REQ-0009,PROD-0009,Multi-lateral incremental firmware Resident Show,Cultural Landmark Ceremony,CLI-0029,Performer,Musician,Dancer|Character Performer,Sight Reading|Click Track|Instrument Maintenance,Night Rehearsals|Improvisation|Live Performance,Singapore,Singapore,1.3521,103.8198,Integrated Resort Theatre,2026-12-10,2027-01-04,2027-01-02,2027-01-04,2027-01-05,2027-02-03,36,56,10,Ensemble,4.8,0.0,59.0,67.4,Athletic,False,False,False,,False,True,9,True,English,False,3150.0,5650.0,True,True,125.0,Medium,Standard,2026-07-14,2026-08-14,Candidate must attend all rehearsals and technical calls.,Open
REQ-0010,PROD-0010,Distributed exuding access Resident Show,Themed Entertainment Spectacle,CLI-0076,Performer,Aerial Artist,Character Performer|Acrobatic Performer,Bungee Choreography|Flying Harness|Aerial Hoop|Aerial Silks,Aerial Conditioning|Cue Precision,Jeddah,Saudi Arabia,21.4858,39.1925,Water Stage,2026-08-13,2026-09-16,2026-09-12,2026-09-16,2026-09-17,2026-11-10,88,90,4,Ensemble,9.9,0.0,86.4,81.8,Standard,False,True,False,Working at Height,True,True,9,True,English,False,2250.0,4450.0,True,True,40.0,High,Standard,2026-07-13,2026-07-23,Night rehearsals may be scheduled to protect the creative reveal.,Open
REQ-0011,PROD-0011,Adaptive multi-state task-force Resident Show,Themed Entertainment Spectacle,CLI-0076,Performer,Acrobatic Performer,Puppeteer|Aerial Artist,Chinese Pole|Safety Spotting|Teeterboard|Hand Balancing,Harness Work,Paris,France,48.8566,2.3522,Purpose-Built Theatre,2026-08-30,2026-09-08,2026-09-05,2026-09-08,2026-09-09,2026-09-26,32,28,1,Featured,9.4,4.2,82.9,0.0,Standard,False,False,False,First Aid,True,False,6,False,English|French,True,2650.0,5450.0,True,True,70.0,High,High,2026-07-14,2026-08-05,Production includes complex cueing and strict safety briefings.,Open
REQ-0012,PROD-0012,Devolved grid-enabled forecast Parade,Large-Scale Parade,CLI-0025,Production & Operations,Stage Manager,Safety Manager,Show Calling|Incident Reporting,Cast Coordination,Hong Kong,Hong Kong,22.3193,114.1694,Purpose-Built Theatre,2027-01-03,2027-01-16,2027-01-14,2027-01-16,2027-01-17,2027-01-30,18,28,20,Ensemble,7.1,4.4,0.0,0.0,Standard,False,True,False,,False,False,6,True,English,True,2500.0,3900.0,True,False,60.0,High,High,2026-07-06,2026-07-31,International travel documents must be ready before contracting.,Auditioning
REQ-0013,PROD-0013,Phased national access Ceremony,Experiential Dining Show,CLI-0035,Creative,Costume Designer,,Quick-Change Planning|Fabric Selection|Costume Design,Design Documentation,New York,United States,40.7128,-74.006,Heritage Site,2026-10-03,2026-10-13,2026-10-11,2026-10-13,2026-10-14,2026-10-30,6,28,2,Ensemble,10.8,3.8,69.3,61.6,Standard,False,False,False,,False,True,12,False,English,True,2850.0,4700.0,True,True,90.0,Medium,High,2026-07-08,2026-07-25,Night rehearsals may be scheduled to protect the creative reveal.,Shortlisting
REQ-0014,PROD-0014,Team-oriented mobile system engine Ceremony,Outdoor Multimedia Spectacle,CLI-0037,Production & Operations,Production Manager,Safety Manager,Master Scheduling|Risk Management|Production Management|Budget Control,Supplier Management|Client Reporting,Melbourne,Australia,-37.8136,144.9631,Purpose-Built Theatre,2026-11-08,2026-11-22,2026-11-20,2026-11-22,2026-11-23,2026-12-12,6,35,6,Ensemble,8.1,4.6,0.0,0.0,Standard,False,False,False,,False,False,12,True,English,False,4150.0,7500.0,False,True,70.0,Medium,Critical,2026-07-13,2026-07-28,Night rehearsals may be scheduled to protect the creative reveal.,Auditioning
REQ-0015,PROD-0015,Polarized exuding access Parade,Outdoor Multimedia Spectacle,CLI-0016,Performer,Dancer,,Commercial Dance|Character Movement,Ensemble Choreography,Paris,France,48.8566,2.3522,Heritage Site,2026-09-30,2026-10-06,2026-10-05,2026-10-06,2026-10-07,2026-10-13,21,14,4,Ensemble,6.0,4.2,74.2,85.0,Athletic,False,False,False,,False,True,9,True,English,True,3400.0,6000.0,False,True,75.0,Medium,Critical,2026-07-01,2026-07-07,Role requires cross-department collaboration during technical integration.,Open
REQ-0016,PROD-0016,Visionary intermediate website Experience,Themed Entertainment Spectacle,CLI-0045,Technical,Automation Technician,SFX Technician,Stage Automation|Motion Control|Preventive Maintenance,Cue Programming|Hydraulic Integration,Las Vegas,United States,36.1699,-115.1398,Water Stage,2026-08-07,2026-08-25,2026-08-24,2026-08-25,2026-08-26,2026-09-10,29,35,6,Ensemble,11.1,4.2,0.0,0.0,Standard,False,False,False,,False,False,9,True,English,False,3950.0,6500.0,True,True,130.0,Medium,Standard,2026-07-09,2026-08-04,International travel documents must be ready before contracting.,Auditioning
REQ-0017,PROD-0017,Implemented radical emulation Experience,Outdoor Multimedia Spectacle,CLI-0024,Technical,SFX Technician,,Show Control|Confetti Systems,Water Effects|Risk Assessment,Orlando,United States,28.5383,-81.3792,Heritage Site,2026-10-22,2026-10-26,2026-10-22,2026-10-26,2026-10-27,2026-11-04,23,14,1,Featured,6.8,3.8,0.0,0.0,Standard,False,False,False,,False,False,12,True,English,False,3100.0,5800.0,True,True,85.0,Medium,Standard,2026-07-08,2026-07-29,Role requires cross-department collaboration during technical integration.,Shortlisting
REQ-0018,PROD-0018,Adaptive neutral hub Parade,Cultural Landmark Ceremony,CLI-0062,Production & Operations,Production Manager,Stage Manager,Contract Administration|Supplier Management,Risk Management|Budget Control|Client Reporting,Jeddah,Saudi Arabia,21.4858,39.1925,Arena,2026-08-06,2026-08-21,2026-08-17,2026-08-21,2026-08-22,2026-09-09,57,35,1,Featured,4.6,0.0,0.0,0.0,Standard,False,False,False,,False,False,18,True,English,False,5000.0,5700.0,True,True,45.0,Medium,Critical,2026-07-02,2026-07-29,Production includes complex cueing and strict safety briefings.,Auditioning
REQ-0019,PROD-0019,Ergonomic incremental open architecture Parade,Urban Mega-Celebration,CLI-0002,Technical,Pyrotechnics Technician,Audio Engineer|Lighting Programmer,Firing Systems|Explosive Safety,Weather Monitoring|Misfire Procedures|Pyrotechnics,Abu Dhabi,UAE,24.4539,54.3773,Hotel Immersive Venue,2026-09-04,2026-09-07,2026-09-04,2026-09-07,2026-09-08,2026-09-13,17,10,6,Ensemble,12.2,4.0,0.0,0.0,Standard,False,False,False,Licensed Pyrotechnician,False,False,9,True,English|Arabic,False,6000.0,10550.0,True,False,60.0,High,Standard,2026-07-02,2026-07-10,Night rehearsals may be scheduled to protect the creative reveal.,Shortlisting
REQ-0020,PROD-0020,Optional hybrid encryption Spectacle,Large-Scale Parade,CLI-0021,Creative,Choreographer,,Movement Direction|Parade Choreography,Rehearsal Planning|Aquatic Choreography,Macau,Macau,22.1987,113.5439,Parade Route,2026-11-04,2026-11-08,2026-11-07,2026-11-08,2026-11-09,2026-11-17,10,14,1,Solo,6.7,4.2,86.4,68.8,Standard,False,False,False,,False,True,12,True,English,False,4000.0,8650.0,True,True,85.0,Medium,Standard,2026-07-02,2026-07-30,Candidate must attend all rehearsals and technical calls.,Shortlisting
REQ-0021,PROD-0021,Diverse transitional support Spectacle,Experiential Dining Show,CLI-0030,Creative,Lighting Designer,,Lighting Design|Show Control,Architectural Lighting,Dubai,UAE,25.2048,55.2708,Parade Route,2026-12-26,2027-01-09,2027-01-07,2027-01-09,2027-01-10,2027-01-29,9,35,6,Ensemble,6.8,3.8,66.3,79.5,Standard,False,False,False,,False,True,6,True,English,False,6600.0,7900.0,True,True,130.0,High,High,2026-07-03,2026-07-14,Night rehearsals may be scheduled to protect the creative reveal.,Open
REQ-0022,PROD-0022,Stand-alone human-resource implementation Resident Show,Cultural Landmark Ceremony,CLI-0023,Creative,Projection Designer,Composer|Lighting Designer,Projection Design|Large-Format Projection|Media Servers,Creative Content Integration|Previsualization,Riyadh,Saudi Arabia,24.7136,46.6753,Heritage Site,2027-02-05,2027-02-13,2027-02-07,2027-02-13,2027-02-14,2027-02-25,18,21,1,Featured,8.4,4.4,70.4,73.2,Standard,False,False,False,First Aid,False,True,6,True,English|Arabic,False,3400.0,5800.0,True,False,100.0,High,Standard,2026-07-01,2026-07-21,Strong ensemble discipline and rapid response to creative notes required.,Open
REQ-0023,PROD-0023,Face-to-face empowering artificial intelligence Resident Show,Themed Entertainment Spectacle,CLI-0020,Performer,Aerial Artist,Acrobatic Performer|Character Performer,Aerial Conditioning|Cue Precision,Bungee Choreography|Aerial Silks|Flying Harness,Macau,Macau,22.1987,113.5439,Arena,2026-09-20,2026-09-22,2026-09-21,2026-09-22,2026-09-23,2026-09-26,10,7,10,Ensemble,9.6,3.8,66.2,60.3,Athletic,False,True,False,Working at Height,True,True,6,True,English,False,2300.0,3850.0,True,True,80.0,High,High,2026-07-04,2026-07-31,Role requires cross-department collaboration during technical integration.,Shortlisting
REQ-0024,PROD-0024,Optimized responsive encoding Parade,Outdoor Multimedia Spectacle,CLI-0014,Creative,Projection Designer,Lighting Designer,Content Mapping|Timecode|Media Servers|Show Control,Projection Design|Large-Format Projection,Dubai,UAE,25.2048,55.2708,Theme Park,2026-08-27,2026-08-30,2026-08-27,2026-08-30,2026-08-31,2026-09-05,3,10,2,Ensemble,7.1,4.2,83.9,0.0,Standard,False,False,False,First Aid,False,False,18,True,English|Arabic,False,3650.0,6700.0,True,True,105.0,Medium,Critical,2026-06-29,2026-07-09,Candidate must attend all rehearsals and technical calls.,Shortlisting
REQ-0025,PROD-0025,Programmable well-modulated website Parade,Integrated Resort Show,CLI-0057,Performer,Vocalist,,Live Vocals|In-Ear Monitoring|Harmony Singing,Character Vocals|Multilingual Repertoire,Jeddah,Saudi Arabia,21.4858,39.1925,Arena,2026-12-28,2027-01-05,2026-12-30,2027-01-05,2027-01-06,2027-01-24,40,28,2,Ensemble,5.4,4.2,61.1,61.2,Athletic,False,False,False,,False,True,12,True,English|Arabic,False,2450.0,4000.0,True,True,105.0,Medium,Standard,2026-07-13,2026-07-22,Strong ensemble discipline and rapid response to creative notes required.,Shortlisting
REQ-0026,PROD-0026,Seamless system-worthy software Parade,Large-Scale Parade,CLI-0073,Production & Operations,Stage Manager,,Show Calling|Emergency Procedures,Cast Coordination|Backstage Coordination,Las Vegas,United States,36.1699,-115.1398,Public Waterfront,2026-09-27,2026-10-04,2026-09-30,2026-10-04,2026-10-05,2026-10-17,10,21,20,Ensemble,10.9,4.4,0.0,0.0,Standard,False,False,False,,False,False,6,True,English,False,3850.0,6100.0,True,True,50.0,Low,Standard,2026-07-10,2026-07-20,Role requires cross-department collaboration during technical integration.,Open
REQ-0027,PROD-0027,Future-proofed executive projection Spectacle,Festival Headline Production,CLI-0049,Technical,Lighting Programmer,Rigger|Audio Engineer,Cueing|Networked Lighting|GrandMA Programming,Troubleshooting,Las Vegas,United States,36.1699,-115.1398,Theme Park,2026-12-05,2026-12-08,2026-12-06,2026-12-08,2026-12-09,2026-12-14,1,10,1,Solo,9.0,3.8,0.0,0.0,Standard,False,False,False,First Aid,False,False,6,True,English,False,3950.0,6300.0,True,False,75.0,Medium,Standard,2026-07-15,2026-07-26,International travel documents must be ready before contracting.,Shortlisting
REQ-0028,PROD-0028,User-friendly national workforce Resident Show,Cultural Landmark Ceremony,CLI-0019,Creative,Composer,,Recording Supervision|Cultural Music Research,Arrangement,Abu Dhabi,UAE,24.4539,54.3773,Integrated Resort Theatre,2027-01-08,2027-01-21,2027-01-17,2027-01-21,2027-01-22,2027-02-04,2,28,6,Ensemble,4.9,4.2,73.8,74.3,Standard,False,False,False,,False,True,6,True,English,True,5000.0,7300.0,True,True,70.0,Low,Standard,2026-07-12,2026-07-31,International travel documents must be ready before contracting.,Open
REQ-0029,PROD-0029,Future-proofed incremental core Parade,Touring Arena Production,CLI-0014,Performer,Musician,Dancer|Acrobatic Performer,Instrument Maintenance|Click Track,Ensemble Performance,Las Vegas,United States,36.1699,-115.1398,Integrated Resort Theatre,2026-08-08,2026-08-28,2026-08-22,2026-08-28,2026-08-29,2026-10-02,71,56,40,Ensemble,3.2,4.2,59.5,81.7,Athletic,False,False,False,,False,True,18,True,English,True,3050.0,6050.0,True,True,95.0,Medium,Standard,2026-07-15,2026-08-05,Candidate must attend all rehearsals and technical calls.,Shortlisting
REQ-0030,PROD-0030,Cloned contextually-based challenge Resident Show,Large-Scale Parade,CLI-0019,Production & Operations,Safety Manager,Stage Manager,Risk Assessment|Entertainment Safety|Aquatic Safety,Crowd Safety|Regulatory Compliance,Abu Dhabi,UAE,24.4539,54.3773,Arena,2027-01-12,2027-01-14,2027-01-12,2027-01-14,2027-01-15,2027-01-18,3,7,40,Ensemble,4.4,4.0,0.0,0.0,Standard,False,False,False,,False,False,6,True,English,False,6350.0,9300.0,True,True,130.0,Medium,Standard,2026-07-11,2026-07-27,Role requires cross-department collaboration during technical integration.,Shortlisting
REQ-0031,PROD-0031,Implemented bifurcated productivity Resident Show,Touring Arena Production,CLI-0039,Technical,Rigger,,High-Wire Rigging|Load Calculations|Entertainment Rigging,Rescue Planning|Inspection Documentation,Riyadh,Saudi Arabia,24.7136,46.6753,Purpose-Built Theatre,2026-12-11,2027-01-02,2026-12-30,2027-01-02,2027-01-03,2027-01-21,33,42,1,Solo,4.4,4.2,0.0,0.0,Standard,False,False,False,Entertainment Rigging Level 2|Working at Height,False,False,9,True,English,True,2750.0,3850.0,True,True,135.0,High,Standard,2026-07-09,2026-08-08,Production includes complex cueing and strict safety briefings.,Open
REQ-0032,PROD-0032,Persevering regional knowledge user Parade,Experiential Dining Show,CLI-0079,Creative,Show Director,Costume Designer|Sound Designer,Opening Readiness|Creative Documentation|Cue Integration,Rehearsal Direction,Jeddah,Saudi Arabia,21.4858,39.1925,Water Stage,2026-10-02,2026-10-10,2026-10-05,2026-10-10,2026-10-11,2026-10-22,4,21,1,Featured,8.0,3.8,69.1,72.1,Standard,False,False,False,First Aid,False,True,9,True,English,True,7100.0,9300.0,True,True,35.0,Medium,Critical,2026-07-02,2026-07-17,Production includes complex cueing and strict safety briefings.,Open
REQ-0033,PROD-0033,Future-proofed tangible process improvement Spectacle,Immersive Theatre,CLI-0003,Creative,Associate Director,,Cover Rehearsals|Cross-Department Coordination|Performance Reports|Creative Documentation,Cast Notes|Blocking,Paris,France,48.8566,2.3522,Purpose-Built Theatre,2026-10-11,2026-10-20,2026-10-15,2026-10-20,2026-10-21,2026-11-07,39,28,4,Ensemble,4.6,4.4,71.6,0.0,Standard,False,False,False,,False,False,12,False,English|French,True,4150.0,8050.0,True,False,110.0,Medium,Standard,2026-07-02,2026-07-21,Candidate must attend all rehearsals and technical calls.,Shortlisting
REQ-0034,PROD-0034,Pre-emptive content-based Graphic Interface Ceremony,Opening Ceremony,CLI-0039,Performer,Dancer,,Ensemble Choreography|Commercial Dance|Bollywood Dance|Partnering,Night Rehearsals|Ballet,Macau,Macau,22.1987,113.5439,Parade Route,2027-01-27,2027-01-29,2027-01-28,2027-01-29,2027-01-30,2027-02-02,10,7,1,Department Lead,3.0,4.0,79.7,82.7,Athletic,False,False,False,,False,True,18,True,English,False,2100.0,4300.0,True,True,105.0,Low,Standard,2026-07-05,2026-07-24,Strong ensemble discipline and rapid response to creative notes required.,Shortlisting
REQ-0035,PROD-0035,Ameliorated coherent application Parade,Opening Ceremony,CLI-0067,Performer,Vocalist,Musician|Dancer,Character Vocals|Live Vocals|In-Ear Monitoring|Vocal Endurance,Click Track|Multilingual Repertoire|Ensemble Performance,New York,United States,40.7128,-74.006,Integrated Resort Theatre,2027-01-25,2027-02-06,2027-02-04,2027-02-06,2027-02-07,2027-02-21,52,28,2,Ensemble,4.9,4.4,64.9,73.0,Standard,False,False,False,,False,True,6,True,English|Spanish,False,3350.0,6950.0,False,True,120.0,Medium,High,2026-07-06,2026-07-27,Night rehearsals may be scheduled to protect the creative reveal.,Open
REQ-0036,PROD-0036,Public-key 3rdgeneration contingency Spectacle,Festival Headline Production,CLI-0072,Performer,Vocalist,,Character Vocals|Harmony Singing|In-Ear Monitoring,Ensemble Performance|Click Track|Vocal Endurance,Dubai,UAE,25.2048,55.2708,Purpose-Built Theatre,2026-08-10,2026-08-27,2026-08-23,2026-08-27,2026-08-28,2026-09-20,75,42,1,Featured,2.6,4.4,77.1,64.8,Athletic,False,False,False,First Aid,False,True,12,True,English,True,3600.0,6450.0,False,True,135.0,Medium,Critical,2026-07-08,2026-07-26,International travel documents must be ready before contracting.,Open
REQ-0037,PROD-0037,Customer-focused executive flexibility Ceremony,Large-Scale Parade,CLI-0071,Performer,Dancer,,Partnering|Character Movement,Commercial Dance|Jazz Dance|Bollywood Dance,Abu Dhabi,UAE,24.4539,54.3773,Heritage Site,2026-10-12,2026-10-18,2026-10-17,2026-10-18,2026-10-19,2026-10-25,24,14,6,Ensemble,7.5,4.6,87.3,73.5,Athletic,False,False,False,,False,True,6,True,English,False,2350.0,4800.0,True,True,120.0,Low,Standard,2026-07-10,2026-08-10,International travel documents must be ready before contracting.,Auditioning
REQ-0038,PROD-0038,De-engineered transitional intranet Experience,Integrated Resort Show,CLI-0064,Performer,Acrobatic Performer,,Hand Balancing|Tumbling|Acrobatic Partnering|Chinese Pole,Safety Spotting|Harness Work,Macau,Macau,22.1987,113.5439,Stadium,2026-12-14,2026-12-18,2026-12-14,2026-12-18,2026-12-19,2026-12-27,26,14,2,Ensemble,5.7,4.2,71.6,68.3,Standard,False,False,False,,False,True,6,False,English,False,3050.0,3900.0,False,True,135.0,Medium,Standard,2026-07-12,2026-07-21,International travel documents must be ready before contracting.,Open
REQ-0039,PROD-0039,Upgradable 24/7 emulation Experience,Opening Ceremony,CLI-0034,Performer,Aerial Artist,Vocalist|Dancer,Flying Harness|Aerial Conditioning|Aerial Hoop,Aerial Straps|Height Safety|Bungee Choreography,Dubai,UAE,25.2048,55.2708,Stadium,2027-01-27,2027-02-10,2027-02-09,2027-02-10,2027-02-11,2027-02-23,10,28,1,Department Lead,7.6,4.0,81.6,76.0,Standard,False,True,False,Working at Height,True,True,9,False,English,False,3150.0,5300.0,False,True,90.0,High,Standard,2026-07-15,2026-08-02,Production includes complex cueing and strict safety briefings.,Auditioning
REQ-0040,PROD-0040,Cross-group coherent access Ceremony,Touring Arena Production,CLI-0011,Performer,Dancer,,Jazz Dance|Night Rehearsals|Partnering|Ballet,Bollywood Dance,Abu Dhabi,UAE,24.4539,54.3773,Theme Park,2026-08-17,2026-08-25,2026-08-22,2026-08-25,2026-08-26,2026-09-06,33,21,1,Solo,9.1,4.4,79.1,79.4,Standard,False,False,False,,False,True,12,True,English,True,3100.0,4950.0,True,True,140.0,Low,High,2026-07-05,2026-07-21,Production includes complex cueing and strict safety briefings.,Open
REQ-0041,PROD-0041,Proactive didactic Graphical User Interface Resident Show,Large-Scale Parade,CLI-0079,Performer,Puppeteer,Trampoline Artist|Character Performer,Creature Movement|Backstage Coordination,Large-Scale Puppetry|Prop Handling|Ensemble Puppetry,Dubai,UAE,25.2048,55.2708,Parade Route,2027-02-10,2027-02-19,2027-02-17,2027-02-19,2027-02-20,2027-03-02,16,21,4,Ensemble,3.6,4.2,73.0,62.1,Athletic,False,True,False,,True,True,6,True,English,False,2750.0,4050.0,False,False,135.0,High,Standard,2026-07-12,2026-07-21,Night rehearsals may be scheduled to protect the creative reveal.,Shortlisting
REQ-0042,PROD-0042,Operative fault-tolerant toolset Resident Show,Festival Headline Production,CLI-0061,Performer,Dancer,,Commercial Dance|Character Movement,Partnering|Night Rehearsals|Ballet,Macau,Macau,22.1987,113.5439,Integrated Resort Theatre,2026-10-11,2026-10-29,2026-10-23,2026-10-29,2026-10-30,2026-11-21,69,42,6,Ensemble,5.4,4.0,72.7,78.5,Standard,False,False,False,,False,True,6,True,English|Mandarin,False,2600.0,4650.0,True,True,80.0,Low,Standard,2026-07-12,2026-08-11,Role requires cross-department collaboration during technical integration.,Open
REQ-0043,PROD-0043,Proactive holistic Local Area Network Parade,Touring Arena Production,CLI-0027,Performer,Vocalist,,Click Track|Ensemble Performance,Multilingual Repertoire,Macau,Macau,22.1987,113.5439,Theme Park,2027-01-09,2027-01-13,2027-01-09,2027-01-13,2027-01-14,2027-01-18,8,10,4,Ensemble,8.9,4.0,74.4,86.5,Athletic,False,True,False,,True,True,12,True,English,False,2900.0,5250.0,False,True,85.0,High,Standard,2026-07-09,2026-08-08,Role requires cross-department collaboration during technical integration.,Open
REQ-0044,PROD-0044,Total 5thgeneration groupware Experience,Opening Ceremony,CLI-0038,Performer,Dancer,Aerial Artist|Musician,Night Rehearsals|Bollywood Dance|Ballet|Commercial Dance,Ensemble Choreography,Dubai,UAE,25.2048,55.2708,Water Stage,2026-10-18,2026-10-27,2026-10-21,2026-10-27,2026-10-28,2026-11-07,28,21,20,Ensemble,6.7,3.8,86.2,0.0,Athletic,False,False,False,,False,False,9,True,English|Hindi,False,2800.0,4800.0,True,True,70.0,Medium,Standard,2026-07-02,2026-07-09,Role requires cross-department collaboration during technical integration.,Open
REQ-0045,PROD-0045,Configurable web-enabled circuit Spectacle,Urban Mega-Celebration,CLI-0063,Technical,Drone Show Technician,,Flight Planning|Airspace Coordination|Emergency Procedures|GNSS Systems,Drone Show Operations,Jeddah,Saudi Arabia,21.4858,39.1925,Heritage Site,2027-01-01,2027-01-23,2027-01-17,2027-01-23,2027-01-24,2027-02-25,48,56,1,Solo,1.3,0.0,0.0,0.0,Standard,False,False,False,Commercial Drone Operator,False,False,12,True,English,False,6900.0,12750.0,False,True,45.0,High,Standard,2026-07-05,2026-07-10,Candidate must attend all rehearsals and technical calls.,Open
REQ-0046,PROD-0046,Centralized encompassing time-frame Resident Show,Themed Entertainment Spectacle,CLI-0066,Performer,Acrobatic Performer,Aerial Artist|Puppeteer,Harness Work|Tumbling,Teeterboard|Ensemble Timing,Melbourne,Australia,-37.8136,144.9631,Purpose-Built Theatre,2026-11-26,2026-12-06,2026-11-30,2026-12-06,2026-12-07,2026-12-16,6,21,10,Ensemble,9.8,4.0,57.8,72.5,Standard,False,True,False,,True,True,9,True,English,True,2900.0,3150.0,True,False,100.0,High,Standard,2026-07-10,2026-07-26,Night rehearsals may be scheduled to protect the creative reveal.,Auditioning
REQ-0047,PROD-0047,Object-based asynchronous moratorium Resident Show,Experiential Dining Show,CLI-0032,Creative,Sound Designer,,Spatial Audio|System Design|Playback Systems|Timecode,Sound Design|Show Control|Wireless Coordination,Riyadh,Saudi Arabia,24.7136,46.6753,Water Stage,2026-11-20,2026-11-23,2026-11-20,2026-11-23,2026-11-24,2026-11-29,9,10,1,Department Lead,12.5,4.2,73.6,76.7,Standard,False,False,False,,False,True,12,True,English,True,4200.0,5150.0,True,True,80.0,Medium,High,2026-07-13,2026-08-01,Strong ensemble discipline and rapid response to creative notes required.,Shortlisting
REQ-0048,PROD-0048,Phased contextually-based core Ceremony,Outdoor Multimedia Spectacle,CLI-0075,Production & Operations,Production Manager,,Production Management|Master Scheduling|Client Reporting,Budget Control|Opening Readiness|Supplier Management,Abu Dhabi,UAE,24.4539,54.3773,Convention Campus,2026-11-23,2026-11-26,2026-11-23,2026-11-26,2026-11-27,2026-12-02,4,10,20,Ensemble,7.9,4.4,0.0,0.0,Standard,False,False,False,First Aid,False,False,12,True,English,True,6050.0,11850.0,True,True,120.0,Medium,Standard,2026-06-29,2026-07-30,Candidate must attend all rehearsals and technical calls.,Auditioning
REQ-0049,PROD-0049,Function-based homogeneous access Parade,Large-Scale Parade,CLI-0074,Performer,Character Performer,Parkour Artist|BMX Rider,Mask Performance|Improvisation|Parade Performance,Audience Interaction,Riyadh,Saudi Arabia,24.7136,46.6753,Outdoor Urban District,2027-01-16,2027-02-02,2027-01-29,2027-02-02,2027-02-03,2027-02-19,44,35,40,Ensemble,6.2,4.0,67.6,73.8,Athletic,False,False,False,,False,True,6,True,English|Arabic,True,2600.0,4950.0,True,False,110.0,Medium,Standard,2026-06-29,2026-07-04,Candidate must attend all rehearsals and technical calls.,Auditioning
REQ-0050,PROD-0050,Decentralized zero administration structure Spectacle,Touring Arena Production,CLI-0035,Performer,Aerial Artist,Vocalist|Acrobatic Performer,Bungee Choreography|Aerial Straps,Aerial Silks|Height Safety,Macau,Macau,22.1987,113.5439,Public Waterfront,2026-12-21,2027-01-08,2027-01-05,2027-01-08,2027-01-09,2027-01-24,8,35,40,Ensemble,6.1,4.6,57.3,0.0,Athletic,False,True,False,Working at Height,True,False,9,True,English,False,2400.0,4700.0,True,True,60.0,High,High,2026-07-01,2026-07-26,Role requires cross-department collaboration during technical integration.,Open
REQ-0051,PROD-0051,Fully-configurable human-resource throughput Parade,Cultural Landmark Ceremony,CLI-0053,Creative,Show Director,,Stakeholder Presentations|Rehearsal Direction|Cue Integration|Opening Readiness,Show Direction,Riyadh,Saudi Arabia,24.7136,46.6753,Public Waterfront,2026-08-17,2026-08-26,2026-08-25,2026-08-26,2026-08-27,2026-09-06,26,21,20,Ensemble,8.3,4.4,86.7,70.5,Standard,False,False,False,First Aid,False,True,6,True,English,False,8050.0,16550.0,True,True,140.0,Medium,Critical,2026-07-01,2026-07-30,Production includes complex cueing and strict safety briefings.,Shortlisting
REQ-0052,PROD-0052,Organic dynamic support Parade,Festival Headline Production,CLI-0005,Performer,Vocalist,,Live Vocals|Multilingual Repertoire|Click Track,Harmony Singing,Abu Dhabi,UAE,24.4539,54.3773,Outdoor Urban District,2026-09-07,2026-09-26,2026-09-20,2026-09-26,2026-09-27,2026-11-01,37,56,20,Ensemble,1.4,3.8,66.8,72.9,Athletic,False,False,False,,False,True,12,True,English,False,2650.0,3400.0,True,True,40.0,Medium,Standard,2026-07-06,2026-08-04,Production includes complex cueing and strict safety briefings.,Open
REQ-0053,PROD-0053,Automated dedicated knowledgebase Parade,Experiential Dining Show,CLI-0005,Performer,Dancer,,Ensemble Choreography|Commercial Dance|Ballet|Bollywood Dance,Night Rehearsals,London,United Kingdom,51.5072,-0.1276,Heritage Site,2026-12-24,2027-01-15,2027-01-12,2027-01-15,2027-01-16,2027-02-17,66,56,1,Department Lead,2.9,4.2,76.2,76.8,Athletic,False,False,False,,False,True,9,True,English,False,2950.0,5750.0,True,True,50.0,Medium,Standard,2026-07-08,2026-07-27,Strong ensemble discipline and rapid response to creative notes required.,Open
REQ-0054,PROD-0054,User-centric zero administration attitude Parade,Themed Entertainment Spectacle,CLI-0030,Performer,Acrobatic Performer,Aerial Artist|Puppeteer,Acrobatic Partnering|Tumbling|Ensemble Timing,Safety Spotting,Dubai,UAE,25.2048,55.2708,Purpose-Built Theatre,2026-08-04,2026-08-07,2026-08-05,2026-08-07,2026-08-08,2026-08-13,1,10,10,Ensemble,9.8,4.2,58.4,0.0,Athletic,False,False,False,,False,False,12,True,English|Arabic,True,3550.0,5350.0,True,True,65.0,Medium,Critical,2026-07-06,2026-07-18,International travel documents must be ready before contracting.,Auditioning
REQ-0055,PROD-0055,Programmable static database Ceremony,Opening Ceremony,CLI-0066,Technical,Pyrotechnics Technician,,Cue Programming|Explosive Safety|Weather Monitoring|Pyrotechnics,Authority Coordination|Misfire Procedures|Firing Systems,Sydney,Australia,-33.8688,151.2093,Convention Campus,2026-12-07,2026-12-09,2026-12-07,2026-12-09,2026-12-10,2026-12-13,5,7,10,Ensemble,8.1,4.0,0.0,0.0,Standard,False,False,False,Licensed Pyrotechnician,False,False,9,True,English,False,5450.0,8150.0,False,True,105.0,High,Standard,2026-07-02,2026-07-22,Role requires cross-department collaboration during technical integration.,Shortlisting
REQ-0056,PROD-0056,Phased human-resource software Experience,Festival Headline Production,CLI-0042,Technical,Lighting Programmer,SFX Technician|Audio Engineer,Networked Lighting|GrandMA Programming|Fixture Management,Previsualization|Troubleshooting,Dubai,UAE,25.2048,55.2708,Parade Route,2026-08-14,2026-08-23,2026-08-19,2026-08-23,2026-08-24,2026-09-03,23,21,4,Ensemble,5.0,4.6,0.0,0.0,Standard,False,False,False,First Aid,False,False,6,True,English|Hindi,False,4700.0,6750.0,False,True,95.0,Medium,Standard,2026-07-09,2026-07-22,International travel documents must be ready before contracting.,Open
REQ-0057,PROD-0057,Integrated fresh-thinking complexity Parade,Themed Entertainment Spectacle,CLI-0034,Production & Operations,Stage Manager,,Cue Management|Show Calling|Incident Reporting|Backstage Coordination,Cast Coordination,Abu Dhabi,UAE,24.4539,54.3773,Convention Campus,2027-02-12,2027-02-14,2027-02-12,2027-02-14,2027-02-15,2027-02-18,2,7,10,Ensemble,6.0,4.2,0.0,0.0,Standard,False,False,False,,False,False,12,True,English,True,2450.0,3900.0,True,True,130.0,Medium,Critical,2026-07-06,2026-07-23,Production includes complex cueing and strict safety briefings.,Shortlisting
REQ-0058,PROD-0058,Self-enabling upward-trending analyzer Resident Show,Touring Arena Production,CLI-0007,Production & Operations,Production Manager,,Master Scheduling|Production Management,Budget Control,Paris,France,48.8566,2.3522,Heritage Site,2026-10-15,2026-10-19,2026-10-16,2026-10-19,2026-10-20,2026-10-24,16,10,20,Ensemble,0.5,4.2,0.0,0.0,Standard,False,False,False,,False,False,18,True,English,False,7050.0,14500.0,False,False,95.0,Medium,Standard,2026-07-14,2026-07-21,Strong ensemble discipline and rapid response to creative notes required.,Open
REQ-0059,PROD-0059,User-friendly neutral model Ceremony,Cultural Landmark Ceremony,CLI-0026,Production & Operations,Stage Manager,Production Manager,Emergency Procedures|Run of Show|Cast Coordination|Technical Rehearsals,Incident Reporting,Abu Dhabi,UAE,24.4539,54.3773,Integrated Resort Theatre,2026-09-11,2026-10-05,2026-10-01,2026-10-05,2026-10-06,2026-11-05,2,56,1,Department Lead,8.1,4.2,0.0,0.0,Standard,False,False,False,First Aid,False,False,18,True,English,False,2600.0,3950.0,True,True,95.0,Medium,Critical,2026-07-16,2026-07-22,Candidate must attend all rehearsals and technical calls.,Open
REQ-0060,PROD-0060,Decentralized eco-centric matrices Ceremony,Large-Scale Parade,CLI-0040,Performer,BMX Rider,Parkour Artist|Dancer,Choreographed Riding|Precision Riding|Jump Sequences|Protective Equipment,Risk Assessment,Melbourne,Australia,-37.8136,144.9631,Arena,2026-12-10,2026-12-17,2026-12-16,2026-12-17,2026-12-18,2026-12-30,37,21,1,Department Lead,4.9,3.8,55.9,60.3,Athletic,False,True,True,,True,True,9,True,English,True,2350.0,4300.0,True,True,145.0,High,Standard,2026-07-10,2026-08-06,Strong ensemble discipline and rapid response to creative notes required.,Auditioning
REQ-0061,PROD-0061,Sharable exuding customer loyalty Experience,Resident Aquatic Show,CLI-0077,Production & Operations,Safety Manager,Stage Manager,Working at Height|Risk Assessment|Aquatic Safety,Crowd Safety|Incident Investigation,Orlando,United States,28.5383,-81.3792,Convention Campus,2026-08-20,2026-09-09,2026-09-07,2026-09-09,2026-09-10,2026-10-14,47,56,1,Featured,10.5,4.0,0.0,0.0,Standard,False,False,False,First Aid,False,False,12,True,English,False,4900.0,9800.0,True,True,140.0,Low,Standard,2026-07-16,2026-07-23,Night rehearsals may be scheduled to protect the creative reveal.,Shortlisting
REQ-0062,PROD-0062,Multi-lateral actuating secured line Ceremony,Outdoor Multimedia Spectacle,CLI-0070,Creative,Projection Designer,,Projection Design|Content Mapping|Show Control|Creative Content Integration,Previsualization,Macau,Macau,22.1987,113.5439,Outdoor Urban District,2026-12-13,2026-12-29,2026-12-24,2026-12-29,2026-12-30,2027-01-23,47,42,1,Department Lead,5.2,3.8,56.1,66.9,Standard,False,False,False,,False,True,6,False,English,True,3000.0,3850.0,False,True,85.0,Low,Standard,2026-07-16,2026-08-07,Strong ensemble discipline and rapid response to creative notes required.,Shortlisting
REQ-0063,PROD-0063,Extended bifurcated encoding Parade,Opening Ceremony,CLI-0023,Creative,Projection Designer,Show Director|Lighting Designer,Projection Design|Previsualization|Large-Format Projection|Media Servers,Creative Content Integration,Barcelona,Spain,41.3874,2.1686,Outdoor Urban District,2026-11-12,2026-12-03,2026-11-30,2026-12-03,2026-12-04,2026-12-23,42,42,6,Ensemble,15.3,4.4,80.2,63.4,Standard,False,False,False,First Aid,False,True,6,True,English,False,4350.0,6950.0,True,False,100.0,Medium,Standard,2026-07-02,2026-07-10,International travel documents must be ready before contracting.,Auditioning
REQ-0064,PROD-0064,Sharable intermediate Graphic Interface Spectacle,Resident Aquatic Show,CLI-0007,Production & Operations,Safety Manager,Stage Manager,Incident Investigation|Risk Assessment|Emergency Planning,Aquatic Safety,Hong Kong,Hong Kong,22.3193,114.1694,Theme Park,2027-01-27,2027-02-04,2027-02-03,2027-02-04,2027-02-05,2027-02-16,16,21,10,Ensemble,10.7,3.8,0.0,0.0,Standard,False,False,False,,False,False,12,True,English,False,5300.0,9650.0,True,True,80.0,Medium,High,2026-07-15,2026-07-28,Night rehearsals may be scheduled to protect the creative reveal.,Open
REQ-0065,PROD-0065,Advanced composite utilization Ceremony,Themed Entertainment Spectacle,CLI-0050,Technical,SFX Technician,,Show Control|Risk Assessment|Water Effects|CO2 Effects,Flame Effects|Special Effects,Riyadh,Saudi Arabia,24.7136,46.6753,Integrated Resort Theatre,2026-11-18,2026-11-20,2026-11-18,2026-11-20,2026-11-21,2026-11-24,2,7,10,Ensemble,7.1,3.8,0.0,0.0,Standard,False,False,False,First Aid,False,False,12,False,English,False,3250.0,5650.0,True,True,115.0,Low,Standard,2026-07-14,2026-08-06,Production includes complex cueing and strict safety briefings.,Open
REQ-0066,PROD-0066,Grass-roots optimal capability Parade,Touring Arena Production,CLI-0037,Production & Operations,Production Coordinator,,Visa Coordination|Cast Logistics|Accommodation Planning,Document Control|Vendor Coordination|Travel Logistics,Melbourne,Australia,-37.8136,144.9631,Hotel Immersive Venue,2027-02-14,2027-02-21,2027-02-20,2027-02-21,2027-02-22,2027-03-06,39,21,20,Ensemble,10.9,4.6,0.0,0.0,Standard,False,False,False,,False,False,6,True,English,True,3500.0,7350.0,True,True,135.0,Medium,High,2026-06-29,2026-07-07,Candidate must attend all rehearsals and technical calls.,Open
REQ-0067,PROD-0067,Object-based dynamic access Parade,Urban Mega-Celebration,CLI-0016,Production & Operations,Production Manager,,Master Scheduling|Production Management|Risk Management|Supplier Management,Budget Control|Opening Readiness|Contract Administration,Riyadh,Saudi Arabia,24.7136,46.6753,Heritage Site,2026-09-07,2026-10-05,2026-10-04,2026-10-05,2026-10-06,2026-11-01,90,56,1,Featured,11.9,3.8,0.0,0.0,Standard,False,False,False,,False,False,9,True,English|Arabic,False,4250.0,9100.0,True,True,105.0,High,Standard,2026-07-10,2026-07-30,International travel documents must be ready before contracting.,Open
REQ-0068,PROD-0068,Balanced optimal toolset Spectacle,Integrated Resort Show,CLI-0051,Performer,Acrobatic Performer,,Ensemble Timing|Harness Work|Chinese Pole,Hand Balancing,Dubai,UAE,25.2048,55.2708,Purpose-Built Theatre,2026-10-02,2026-11-08,2026-11-05,2026-11-08,2026-11-09,2026-12-30,42,90,2,Ensemble,12.3,4.2,75.9,84.8,Athletic,False,False,False,,True,True,6,False,English,False,3500.0,6400.0,True,False,50.0,High,Standard,2026-07-02,2026-07-24,Strong ensemble discipline and rapid response to creative notes required.,Open
REQ-0069,PROD-0069,Team-oriented methodical solution Resident Show,Immersive Theatre,CLI-0009,Creative,Scenic Designer,,Scenic Design|Fabrication Oversight|Creative Visualization,Large-Scale Scenography|Material Specification,Macau,Macau,22.1987,113.5439,Public Waterfront,2026-09-22,2026-09-24,2026-09-22,2026-09-24,2026-09-25,2026-09-28,8,7,1,Department Lead,7.2,4.0,58.0,62.7,Standard,False,False,False,,False,True,12,True,English,False,4150.0,7050.0,False,True,80.0,Medium,Standard,2026-07-03,2026-07-27,Candidate must attend all rehearsals and technical calls.,Auditioning
REQ-0070,PROD-0070,Right-sized coherent hub Resident Show,Touring Arena Production,CLI-0047,Technical,Lighting Programmer,,GrandMA Programming|Timecode Programming|Fixture Management,Networked Lighting|Cueing|Troubleshooting,Abu Dhabi,UAE,24.4539,54.3773,Heritage Site,2027-01-04,2027-01-08,2027-01-05,2027-01-08,2027-01-09,2027-01-17,9,14,10,Ensemble,3.1,4.2,0.0,0.0,Standard,False,True,False,,False,False,6,False,English,False,3100.0,5300.0,True,True,110.0,High,Standard,2026-07-07,2026-08-07,International travel documents must be ready before contracting.,Open
REQ-0071,PROD-0071,Visionary background encryption Parade,Touring Arena Production,CLI-0041,Technical,Rigger,,Load Calculations|Rescue Planning|Aerial Rigging,Inspection Documentation|Temporary Structures|High-Wire Rigging,Hong Kong,Hong Kong,22.3193,114.1694,Hotel Immersive Venue,2027-01-20,2027-01-22,2027-01-20,2027-01-22,2027-01-23,2027-01-26,13,7,1,Department Lead,11.1,4.2,0.0,0.0,Standard,False,False,False,Entertainment Rigging Level 2|Working at Height,False,False,9,True,English,False,3900.0,4550.0,True,False,60.0,High,Standard,2026-07-16,2026-08-07,Candidate must attend all rehearsals and technical calls.,Open
REQ-0072,PROD-0072,Diverse modular array Parade,Large-Scale Parade,CLI-0034,Performer,Dancer,Musician|Acrobatic Performer,Jazz Dance|Partnering|Bollywood Dance|Contemporary Dance,Ensemble Choreography|Night Rehearsals|Commercial Dance,Riyadh,Saudi Arabia,24.7136,46.6753,Heritage Site,2026-11-15,2026-11-17,2026-11-15,2026-11-17,2026-11-18,2026-11-21,13,7,6,Ensemble,11.4,0.0,62.5,0.0,Standard,False,False,False,,True,False,18,False,English,True,2350.0,3000.0,True,True,105.0,High,Standard,2026-07-02,2026-07-09,Role requires cross-department collaboration during technical integration.,Open
REQ-0073,PROD-0073,Synergized regional Graphical User Interface Ceremony,Integrated Resort Show,CLI-0059,Performer,Dancer,,Commercial Dance|Contemporary Dance|Partnering,Character Movement,Paris,France,48.8566,2.3522,Parade Route,2026-09-19,2026-09-23,2026-09-21,2026-09-23,2026-09-24,2026-10-02,14,14,20,Ensemble,2.8,4.2,64.2,65.3,Athletic,False,False,False,,False,True,9,True,English,False,3550.0,5950.0,True,True,135.0,Medium,High,2026-07-01,2026-07-18,Production includes complex cueing and strict safety briefings.,Auditioning
REQ-0074,PROD-0074,Virtual responsive approach Ceremony,Immersive Theatre,CLI-0008,Performer,Character Performer,Vocalist|Musician,Audience Interaction|Movement Direction,Parade Performance|Improvisation,Jeddah,Saudi Arabia,21.4858,39.1925,Hotel Immersive Venue,2026-11-04,2026-11-06,2026-11-05,2026-11-06,2026-11-07,2026-11-10,12,7,6,Ensemble,11.4,4.4,73.9,87.2,Athletic,False,False,False,,False,True,12,True,English,False,2550.0,5000.0,False,True,85.0,Medium,Standard,2026-07-10,2026-07-17,International travel documents must be ready before contracting.,Open
REQ-0075,PROD-0075,Centralized heuristic project Resident Show,Immersive Theatre,CLI-0058,Performer,Vocalist,,In-Ear Monitoring|Vocal Endurance|Harmony Singing|Ensemble Performance,Character Vocals|Live Vocals|Multilingual Repertoire,Dubai,UAE,25.2048,55.2708,Stadium,2026-11-08,2026-12-16,2026-12-14,2026-12-16,2026-12-17,2027-01-16,37,70,20,Ensemble,0.5,4.0,83.5,73.5,Standard,False,False,False,,False,True,6,True,English,True,2900.0,4850.0,True,True,135.0,Medium,Standard,2026-07-07,2026-08-02,Role requires cross-department collaboration during technical integration.,Auditioning
REQ-0076,PROD-0076,Distributed tangible monitoring Parade,Urban Mega-Celebration,CLI-0016,Performer,Dancer,,Night Rehearsals|Contemporary Dance|Bollywood Dance,Character Movement|Jazz Dance|Ensemble Choreography,Dubai,UAE,25.2048,55.2708,Arena,2026-09-22,2026-10-09,2026-10-03,2026-10-09,2026-10-10,2026-11-02,4,42,2,Ensemble,5.3,4.2,85.1,78.2,Athletic,False,False,False,,False,True,12,False,English|French,False,3200.0,5500.0,True,True,75.0,Medium,Standard,2026-07-03,2026-07-11,Production includes complex cueing and strict safety briefings.,Auditioning
REQ-0077,PROD-0077,Customer-focused clear-thinking matrix Experience,Touring Arena Production,CLI-0076,Technical,Audio Engineer,Rigger|Lighting Programmer,Digital Consoles|System Tuning|Wireless Coordination,Show Recording|FOH Mixing,Abu Dhabi,UAE,24.4539,54.3773,Stadium,2026-11-10,2026-12-09,2026-12-06,2026-12-09,2026-12-10,2027-01-04,9,56,1,Featured,4.8,4.0,0.0,0.0,Standard,False,False,False,First Aid,False,False,6,True,English,True,3750.0,7000.0,True,True,110.0,Medium,Standard,2026-07-01,2026-07-28,Candidate must attend all rehearsals and technical calls.,Auditioning
REQ-0078,PROD-0078,Focused foreground open architecture Experience,Themed Entertainment Spectacle,CLI-0052,Performer,Acrobatic Performer,,Hand Balancing|Teeterboard,Chinese Pole,Jeddah,Saudi Arabia,21.4858,39.1925,Stadium,2026-09-07,2026-09-16,2026-09-12,2026-09-16,2026-09-17,2026-10-04,36,28,2,Ensemble,3.9,0.0,68.0,61.0,Standard,False,False,False,,False,True,6,True,English,False,2200.0,4250.0,True,True,140.0,Medium,Standard,2026-07-10,2026-08-09,International travel documents must be ready before contracting.,Open
REQ-0079,PROD-0079,Stand-alone web-enabled hardware Experience,Immersive Theatre,CLI-0032,Creative,Associate Director,Sound Designer|Show Director,Cast Notes|Creative Documentation,Blocking|Performance Reports|Cross-Department Coordination,Riyadh,Saudi Arabia,24.7136,46.6753,Heritage Site,2026-08-14,2026-08-19,2026-08-15,2026-08-19,2026-08-20,2026-08-27,23,14,4,Ensemble,11.7,4.2,73.7,62.7,Standard,False,False,False,,False,True,12,False,English,True,3850.0,7750.0,True,True,65.0,Medium,Standard,2026-06-30,2026-07-14,Production includes complex cueing and strict safety briefings.,Open
REQ-0080,PROD-0080,Organic upward-trending core Experience,Touring Arena Production,CLI-0071,Performer,Aerial Artist,,Aerial Hoop|Cue Precision,Flying Harness|Aerial Conditioning|Aerial Silks,Abu Dhabi,UAE,24.4539,54.3773,Parade Route,2027-02-24,2027-02-27,2027-02-24,2027-02-27,2027-02-28,2027-03-05,6,10,1,Department Lead,7.5,4.0,63.7,80.5,Athletic,False,True,False,Working at Height,True,True,12,True,English,False,2900.0,3500.0,True,True,115.0,High,Standard,2026-07-13,2026-07-27,Night rehearsals may be scheduled to protect the creative reveal.,Open
REQ-0081,PROD-0081,Ameliorated system-worthy implementation Experience,Urban Mega-Celebration,CLI-0011,Technical,Drone Show Technician,Lighting Programmer|Rigger,GNSS Systems|Drone Show Operations|Weather Monitoring|Airspace Coordination,Fleet Management|Emergency Procedures|Flight Planning,Melbourne,Australia,-37.8136,144.9631,Parade Route,2026-11-19,2026-11-26,2026-11-23,2026-11-26,2026-11-27,2026-12-09,24,21,4,Ensemble,5.1,4.2,0.0,0.0,Standard,False,True,False,Commercial Drone Operator,False,False,18,False,English,False,7200.0,10800.0,False,True,50.0,High,Standard,2026-07-07,2026-07-14,Production includes complex cueing and strict safety briefings.,Open
REQ-0082,PROD-0082,Multi-channeled uniform challenge Spectacle,Touring Arena Production,CLI-0006,Production & Operations,Production Coordinator,,Budget Tracking|Travel Logistics|Document Control,Visa Coordination,Abu Dhabi,UAE,24.4539,54.3773,Parade Route,2026-08-07,2026-09-26,2026-09-22,2026-09-26,2026-09-27,2026-11-04,32,90,4,Ensemble,10.2,4.4,0.0,0.0,Standard,False,False,False,,False,False,12,True,English,True,3650.0,5800.0,True,True,85.0,Medium,Standard,2026-07-02,2026-07-31,Night rehearsals may be scheduled to protect the creative reveal.,Open
REQ-0083,PROD-0083,Function-based 6thgeneration matrix Parade,Cultural Landmark Ceremony,CLI-0044,Performer,Vocalist,Character Performer|Musician,Vocal Endurance|Multilingual Repertoire|Harmony Singing,Live Vocals,Paris,France,48.8566,2.3522,Convention Campus,2027-01-15,2027-01-24,2027-01-18,2027-01-24,2027-01-25,2027-02-04,32,21,20,Ensemble,2.7,4.2,59.7,0.0,Standard,False,False,False,,False,False,12,True,English,False,3850.0,6350.0,True,False,85.0,Low,Standard,2026-07-08,2026-08-07,Strong ensemble discipline and rapid response to creative notes required.,Open
REQ-0084,PROD-0084,Triple-buffered leadingedge open architecture Resident Show,Experiential Dining Show,CLI-0080,Creative,Sound Designer,Costume Designer|Lighting Designer,Sound Design|Wireless Coordination|System Design|Timecode,Spatial Audio|Playback Systems,Paris,France,48.8566,2.3522,Outdoor Urban District,2027-01-06,2027-01-31,2027-01-29,2027-01-31,2027-02-01,2027-03-02,43,56,1,Solo,5.1,3.8,77.3,0.0,Standard,False,False,False,,False,False,18,True,English,True,5500.0,9000.0,True,False,120.0,Medium,Standard,2026-07-11,2026-07-18,International travel documents must be ready before contracting.,Auditioning
REQ-0085,PROD-0085,Implemented needs-based standardization Resident Show,Resident Aquatic Show,CLI-0074,Performer,Acrobatic Performer,,Harness Work|Safety Spotting,Teeterboard,London,United Kingdom,51.5072,-0.1276,Water Stage,2026-12-19,2026-12-26,2026-12-21,2026-12-26,2026-12-27,2027-01-01,5,14,1,Solo,4.3,0.0,56.9,70.6,Standard,True,False,False,,True,True,9,False,English,False,2900.0,5100.0,True,False,110.0,High,Standard,2026-07-02,2026-07-21,Night rehearsals may be scheduled to protect the creative reveal.,Shortlisting
REQ-0086,PROD-0086,Pre-emptive content-based open system Spectacle,Experiential Dining Show,CLI-0050,Performer,Musician,,In-Ear Monitoring|Instrument Maintenance|Sight Reading,Click Track,Macau,Macau,22.1987,113.5439,Hotel Immersive Venue,2026-10-11,2026-10-20,2026-10-18,2026-10-20,2026-10-21,2026-10-31,21,21,6,Ensemble,6.4,4.4,58.6,0.0,Standard,False,False,False,,False,False,9,False,English,False,2900.0,5450.0,False,True,125.0,Low,High,2026-07-01,2026-07-30,Candidate must attend all rehearsals and technical calls.,Auditioning
REQ-0087,PROD-0087,Enterprise-wide needs-based hardware Ceremony,Outdoor Multimedia Spectacle,CLI-0076,Performer,Dancer,,Bollywood Dance|Ensemble Choreography|Ballet|Partnering,Contemporary Dance,Sydney,Australia,-33.8688,151.2093,Outdoor Urban District,2026-09-29,2026-10-18,2026-10-13,2026-10-18,2026-10-19,2026-11-02,23,35,4,Ensemble,8.0,4.4,82.7,61.4,Athletic,False,False,False,,False,True,12,True,English,True,3550.0,6500.0,False,True,110.0,Low,High,2026-07-02,2026-07-21,Night rehearsals may be scheduled to protect the creative reveal.,Open
REQ-0088,PROD-0088,Inverse upward-trending Local Area Network Spectacle,Resident Aquatic Show,CLI-0038,Performer,High Diver,,Aquatic Rescue|Dive Choreography,Safety Briefings|Water Entry Technique,Riyadh,Saudi Arabia,24.7136,46.6753,Heritage Site,2027-01-12,2027-01-14,2027-01-12,2027-01-14,2027-01-15,2027-01-18,13,7,40,Ensemble,6.8,4.2,85.7,0.0,Elite,True,False,False,Professional Diving Certification|Aquatic Rescue,True,False,6,False,English,False,5200.0,9300.0,True,True,75.0,High,Standard,2026-07-03,2026-07-09,Strong ensemble discipline and rapid response to creative notes required.,Open
REQ-0089,PROD-0089,Grass-roots radical neural-net Parade,Festival Headline Production,CLI-0074,Performer,Vocalist,Aerial Artist|Dancer,Character Vocals|Click Track|Live Vocals,Multilingual Repertoire|Harmony Singing|Vocal Endurance,Abu Dhabi,UAE,24.4539,54.3773,Convention Campus,2026-08-28,2026-09-06,2026-09-03,2026-09-06,2026-09-07,2026-09-17,15,21,6,Ensemble,2.9,3.8,83.8,85.3,Athletic,False,False,False,First Aid,False,True,9,True,English|Hindi,False,2900.0,4900.0,True,True,40.0,Medium,Critical,2026-07-09,2026-07-16,Night rehearsals may be scheduled to protect the creative reveal.,Open
REQ-0090,PROD-0090,Diverse asymmetric moderator Spectacle,Touring Arena Production,CLI-0069,Technical,Lighting Programmer,Audio Engineer|Rigger,Previsualization|Timecode Programming|Fixture Management|Moving Lights,Cueing,Abu Dhabi,UAE,24.4539,54.3773,Convention Campus,2026-12-11,2026-12-23,2026-12-17,2026-12-23,2026-12-24,2027-01-07,23,28,6,Ensemble,10.2,4.0,0.0,0.0,Standard,False,False,False,,False,False,18,False,English,False,3150.0,6800.0,True,False,40.0,Low,Standard,2026-07-02,2026-07-23,Candidate must attend all rehearsals and technical calls.,Open
REQ-0091,PROD-0091,Distributed local frame Experience,Touring Arena Production,CLI-0058,Performer,Aerial Artist,Dancer|Acrobatic Performer,Aerial Straps|Aerial Conditioning|Aerial Silks|Cue Precision,Bungee Choreography|Flying Harness,Jeddah,Saudi Arabia,21.4858,39.1925,Heritage Site,2026-12-03,2026-12-19,2026-12-16,2026-12-19,2026-12-20,2027-01-13,66,42,2,Ensemble,3.4,4.2,67.1,83.9,Athletic,False,True,False,Working at Height,True,True,12,True,English,False,2350.0,3250.0,True,True,110.0,High,Critical,2026-06-29,2026-07-18,Night rehearsals may be scheduled to protect the creative reveal.,Shortlisting
REQ-0092,PROD-0092,Fundamental needs-based hierarchy Resident Show,Integrated Resort Show,CLI-0027,Performer,Aerial Artist,Musician|Acrobatic Performer,Flying Harness|Height Safety|Aerial Silks|Cue Precision,Bungee Choreography,Jeddah,Saudi Arabia,21.4858,39.1925,Hotel Immersive Venue,2026-10-03,2026-11-01,2026-10-30,2026-11-01,2026-11-02,2026-11-27,15,56,2,Ensemble,3.9,4.2,56.3,74.5,Athletic,False,True,False,Working at Height,True,True,9,True,English,True,2050.0,4050.0,False,True,105.0,High,High,2026-07-01,2026-07-24,Strong ensemble discipline and rapid response to creative notes required.,Auditioning
REQ-0093,PROD-0093,Persevering 24hour time-frame Spectacle,Opening Ceremony,CLI-0010,Performer,Vocalist,,Vocal Endurance|Ensemble Performance|Click Track,Harmony Singing|Character Vocals|In-Ear Monitoring,Orlando,United States,28.5383,-81.3792,Parade Route,2026-09-27,2026-10-06,2026-10-01,2026-10-06,2026-10-07,2026-10-24,46,28,1,Department Lead,14.5,4.2,78.8,71.5,Standard,False,False,False,,False,True,12,True,English|Spanish,False,3300.0,5400.0,True,True,130.0,Medium,Standard,2026-07-07,2026-07-24,Night rehearsals may be scheduled to protect the creative reveal.,Shortlisting
REQ-0094,PROD-0094,Sharable motivating implementation Resident Show,Resident Aquatic Show,CLI-0016,Performer,Motorcycle Stunt Rider,,Precision Riding|Ramp Jumps,Show Cueing,Abu Dhabi,UAE,24.4539,54.3773,Integrated Resort Theatre,2026-08-22,2026-09-05,2026-09-04,2026-09-05,2026-09-06,2026-09-18,32,28,20,Ensemble,10.2,4.4,64.2,67.3,Elite,False,False,True,Stunt Safety Accreditation,True,True,9,True,English,False,4250.0,9150.0,True,True,90.0,High,Standard,2026-07-05,2026-07-18,Role requires cross-department collaboration during technical integration.,Auditioning
REQ-0095,PROD-0095,Upgradable contextually-based adapter Resident Show,Resident Aquatic Show,CLI-0018,Technical,Water Stage Technician,,Underwater Communications|Rescue Procedures|Water Quality,Wet-to-Dry Transitions,Melbourne,Australia,-37.8136,144.9631,Public Waterfront,2026-11-19,2026-12-17,2026-12-15,2026-12-17,2026-12-18,2027-01-13,71,56,1,Department Lead,8.6,0.0,0.0,0.0,Standard,True,False,False,,False,False,12,True,English,True,3300.0,5100.0,True,False,90.0,High,Standard,2026-07-11,2026-07-26,Candidate must attend all rehearsals and technical calls.,Shortlisting
REQ-0096,PROD-0096,Secured high-level time-frame Experience,Immersive Theatre,CLI-0032,Performer,Musician,,Click Track|Sight Reading|Instrument Maintenance,In-Ear Monitoring,Riyadh,Saudi Arabia,24.7136,46.6753,Water Stage,2026-08-11,2026-08-27,2026-08-25,2026-08-27,2026-08-28,2026-09-14,9,35,1,Solo,6.7,4.2,85.1,70.2,Athletic,False,False,False,,False,True,12,True,English,False,2900.0,5000.0,False,True,110.0,Medium,Standard,2026-07-04,2026-07-28,Role requires cross-department collaboration during technical integration.,Auditioning
REQ-0097,PROD-0097,Secured disintermediate Graphic Interface Experience,Resident Aquatic Show,CLI-0010,Performer,Aquatic Performer,High Diver|Aerial Artist,Aquatic Rescue|Underwater Performance|Synchronized Swimming|Water Choreography,Breath Hold|Diving,Riyadh,Saudi Arabia,24.7136,46.6753,Public Waterfront,2027-01-11,2027-01-17,2027-01-12,2027-01-17,2027-01-18,2027-01-24,7,14,2,Ensemble,7.3,4.0,66.2,0.0,Athletic,True,False,False,Professional Diving Certification,True,False,6,True,English,False,2100.0,3700.0,True,False,145.0,High,High,2026-07-15,2026-08-09,Night rehearsals may be scheduled to protect the creative reveal.,Open
REQ-0098,PROD-0098,Up-sized asymmetric protocol Spectacle,Opening Ceremony,CLI-0006,Creative,Choreographer,Projection Designer|Show Director,Parade Choreography|Movement Direction|Cast Staging,Aerial Choreography,Jeddah,Saudi Arabia,21.4858,39.1925,Heritage Site,2026-11-12,2026-11-16,2026-11-12,2026-11-16,2026-11-17,2026-11-25,3,14,20,Ensemble,9.4,3.8,68.3,77.8,Standard,False,False,False,,False,True,9,True,English|Arabic,False,3350.0,6300.0,True,True,75.0,Medium,High,2026-07-02,2026-07-20,Role requires cross-department collaboration during technical integration.,Shortlisting
REQ-0099,PROD-0099,Public-key human-resource core Resident Show,Immersive Theatre,CLI-0061,Creative,Scenic Designer,Lighting Designer|Costume Designer,Fabrication Oversight|Large-Scale Scenography|Material Specification|Scenic Design,Mobile Stage Design|Water Stage Design,Macau,Macau,22.1987,113.5439,Water Stage,2026-08-13,2026-08-23,2026-08-19,2026-08-23,2026-08-24,2026-09-09,20,28,1,Solo,3.5,3.8,60.8,81.4,Standard,False,False,False,,False,True,6,True,English,False,4650.0,7800.0,True,True,145.0,Medium,Critical,2026-07-06,2026-07-16,Role requires cross-department collaboration during technical integration.,Shortlisting
REQ-0100,PROD-0100,Progressive systemic methodology Resident Show,Festival Headline Production,CLI-0048,Production & Operations,Production Coordinator,,Visa Coordination|Cast Logistics|Vendor Coordination|Travel Logistics,Document Control,New York,United States,40.7128,-74.006,Outdoor Urban District,2026-10-27,2026-11-11,2026-11-07,2026-11-11,2026-11-12,2026-11-30,16,35,1,Featured,7.2,4.4,0.0,0.0,Standard,False,True,False,,False,False,9,True,English,True,5250.0,6150.0,True,True,115.0,High,High,2026-07-04,2026-07-26,Candidate must attend all rehearsals and technical calls.,Auditioning
REQ-0101,PROD-0101,Visionary neutral collaboration Experience,Urban Mega-Celebration,CLI-0060,Technical,Audio Engineer,Drone Show Technician|Lighting Programmer,RF Planning|Digital Consoles,Playback Systems|Show Recording|Monitor Mixing,New York,United States,40.7128,-74.006,Integrated Resort Theatre,2026-08-31,2026-09-09,2026-09-06,2026-09-09,2026-09-10,2026-09-27,40,28,1,Featured,10.3,3.8,0.0,0.0,Standard,False,True,False,,False,False,12,True,English,True,4700.0,7000.0,False,True,55.0,High,High,2026-07-03,2026-07-14,Night rehearsals may be scheduled to protect the creative reveal.,Shortlisting
REQ-0102,PROD-0102,Seamless executive Graphic Interface Experience,Themed Entertainment Spectacle,CLI-0029,Creative,Scenic Designer,,Technical Drafting|Large-Scale Scenography,Material Specification|Creative Visualization|Mobile Stage Design,Dubai,UAE,25.2048,55.2708,Hotel Immersive Venue,2026-12-12,2027-01-03,2026-12-29,2027-01-03,2027-01-04,2027-01-22,12,42,4,Ensemble,7.9,3.8,68.5,0.0,Standard,False,False,False,,False,False,12,False,English,False,4500.0,8650.0,True,True,120.0,Medium,Standard,2026-07-12,2026-08-10,International travel documents must be ready before contracting.,Open
REQ-0103,PROD-0103,Open-source secondary Graphic Interface Spectacle,Touring Arena Production,CLI-0077,Performer,Aerial Artist,Dancer|Vocalist,Aerial Straps|Flying Harness|Aerial Silks,Cue Precision|Aerial Hoop|Aerial Conditioning,Dubai,UAE,25.2048,55.2708,Outdoor Urban District,2026-08-26,2026-09-26,2026-09-24,2026-09-26,2026-09-27,2026-11-03,114,70,20,Ensemble,6.1,4.0,62.8,86.8,Standard,False,True,False,Working at Height,True,True,6,True,English,True,2850.0,3600.0,True,True,75.0,High,Critical,2026-07-12,2026-07-26,Night rehearsals may be scheduled to protect the creative reveal.,Open
REQ-0104,PROD-0104,Customizable bandwidth-monitored model Parade,Large-Scale Parade,CLI-0074,Performer,Acrobatic Performer,,Chinese Pole|Harness Work|Hand Balancing,Safety Spotting,Riyadh,Saudi Arabia,24.7136,46.6753,Integrated Resort Theatre,2027-01-02,2027-01-04,2027-01-02,2027-01-04,2027-01-05,2027-01-08,10,7,2,Ensemble,0.5,4.2,85.0,68.1,Athletic,False,False,False,,False,True,6,True,English,False,2750.0,4150.0,True,True,105.0,Medium,Critical,2026-07-05,2026-07-19,International travel documents must be ready before contracting.,Auditioning
REQ-0105,PROD-0105,Switchable asymmetric analyzer Ceremony,Cultural Landmark Ceremony,CLI-0035,Production & Operations,Production Manager,Stage Manager,Opening Readiness|Production Management|Client Reporting,Supplier Management|Master Scheduling,London,United Kingdom,51.5072,-0.1276,Parade Route,2026-10-14,2026-10-20,2026-10-16,2026-10-20,2026-10-21,2026-11-03,30,21,1,Solo,7.5,3.8,0.0,0.0,Standard,False,False,False,,False,False,12,True,English,False,6350.0,11800.0,True,True,130.0,Medium,Critical,2026-07-02,2026-07-09,Production includes complex cueing and strict safety briefings.,Open
REQ-0106,PROD-0106,De-engineered context-sensitive alliance Spectacle,Experiential Dining Show,CLI-0018,Performer,Musician,,Live Performance|Night Rehearsals|Sight Reading|Instrument Maintenance,Click Track|In-Ear Monitoring,Barcelona,Spain,41.3874,2.1686,Heritage Site,2026-12-15,2026-12-27,2026-12-22,2026-12-27,2026-12-28,2027-01-11,26,28,2,Ensemble,7.8,4.2,72.1,65.3,Athletic,False,False,False,,False,True,18,False,English,False,2600.0,4900.0,True,True,75.0,Medium,Standard,2026-07-04,2026-07-24,Candidate must attend all rehearsals and technical calls.,Open
REQ-0107,PROD-0107,Exclusive bi-directional matrix Experience,Large-Scale Parade,CLI-0046,Production & Operations,Safety Manager,Stage Manager,Crowd Safety|Incident Investigation|Regulatory Compliance|Entertainment Safety,Emergency Planning|Working at Height,Paris,France,48.8566,2.3522,Integrated Resort Theatre,2026-09-10,2026-09-27,2026-09-23,2026-09-27,2026-09-28,2026-10-21,6,42,1,Featured,11.5,4.0,0.0,0.0,Standard,False,False,False,,False,False,6,True,English,False,6950.0,15200.0,True,True,45.0,Medium,High,2026-07-02,2026-07-30,Production includes complex cueing and strict safety briefings.,Shortlisting
REQ-0108,PROD-0108,Ergonomic bandwidth-monitored alliance Spectacle,Outdoor Multimedia Spectacle,CLI-0044,Creative,Projection Designer,,Content Mapping|Media Servers|Large-Format Projection|Timecode,Projection Design|Previsualization,Barcelona,Spain,41.3874,2.1686,Water Stage,2026-08-06,2026-08-29,2026-08-26,2026-08-29,2026-08-30,2026-09-30,86,56,1,Featured,5.8,3.8,57.7,73.5,Standard,False,False,False,First Aid,False,True,12,True,English|Spanish,False,4450.0,6600.0,True,True,70.0,Medium,Critical,2026-07-16,2026-08-03,Strong ensemble discipline and rapid response to creative notes required.,Auditioning
REQ-0109,PROD-0109,Re-engineered secondary info-mediaries Spectacle,Festival Headline Production,CLI-0030,Performer,Aerial Artist,Musician|Dancer,Bungee Choreography|Aerial Silks|Height Safety|Aerial Straps,Aerial Hoop|Cue Precision,Dubai,UAE,25.2048,55.2708,Outdoor Urban District,2027-01-14,2027-01-27,2027-01-25,2027-01-27,2027-01-28,2027-02-17,36,35,10,Ensemble,3.2,4.2,85.8,68.0,Athletic,False,True,False,Working at Height,True,True,12,True,English,False,2650.0,3300.0,True,True,100.0,High,High,2026-07-07,2026-07-23,Strong ensemble discipline and rapid response to creative notes required.,Auditioning
REQ-0110,PROD-0110,Switchable mobile moderator Experience,Festival Headline Production,CLI-0011,Technical,Audio Engineer,,Monitor Mixing|RF Planning|System Tuning,Playback Systems|Wireless Coordination,London,United Kingdom,51.5072,-0.1276,Integrated Resort Theatre,2026-12-30,2027-01-13,2027-01-09,2027-01-13,2027-01-14,2027-01-26,20,28,6,Ensemble,7.4,4.0,0.0,0.0,Standard,False,True,False,,False,False,6,True,English,False,3750.0,6150.0,True,False,115.0,High,Critical,2026-07-04,2026-07-29,International travel documents must be ready before contracting.,Shortlisting
REQ-0111,PROD-0111,Secured tangible parallelism Resident Show,Urban Mega-Celebration,CLI-0054,Performer,Aerial Artist,Vocalist|Tightrope Walker,Aerial Straps|Flying Harness,Cue Precision|Height Safety|Bungee Choreography,Abu Dhabi,UAE,24.4539,54.3773,Hotel Immersive Venue,2026-08-13,2026-08-19,2026-08-17,2026-08-19,2026-08-20,2026-08-26,4,14,1,Featured,7.9,4.4,79.4,83.0,Athletic,False,True,False,Working at Height,True,True,6,True,English|Arabic,False,2250.0,3200.0,False,False,75.0,High,Standard,2026-07-15,2026-07-28,Production includes complex cueing and strict safety briefings.,Open
REQ-0112,PROD-0112,Function-based actuating hierarchy Ceremony,Themed Entertainment Spectacle,CLI-0051,Performer,Dancer,Acrobatic Performer|Aerial Artist,Character Movement|Ballet,Bollywood Dance|Jazz Dance,Hong Kong,Hong Kong,22.3193,114.1694,Theme Park,2026-11-05,2026-12-05,2026-12-01,2026-12-05,2026-12-06,2027-01-13,64,70,1,Solo,4.5,4.2,58.7,82.9,Standard,False,False,False,,False,True,6,False,English,False,2850.0,5350.0,True,True,120.0,Medium,Standard,2026-06-30,2026-07-29,Production includes complex cueing and strict safety briefings.,Auditioning
REQ-0113,PROD-0113,Face-to-face real-time structure Parade,Immersive Theatre,CLI-0015,Performer,Dancer,Character Performer|Musician,Ballet|Bollywood Dance,Night Rehearsals|Character Movement|Commercial Dance,Macau,Macau,22.1987,113.5439,Water Stage,2026-08-05,2026-08-19,2026-08-15,2026-08-19,2026-08-20,2026-09-01,20,28,2,Ensemble,5.1,4.6,82.4,78.4,Athletic,False,False,False,,False,True,6,True,English,False,2500.0,2850.0,True,True,40.0,Low,Critical,2026-07-12,2026-08-02,Night rehearsals may be scheduled to protect the creative reveal.,Open
REQ-0114,PROD-0114,Compatible 24/7 database Ceremony,Themed Entertainment Spectacle,CLI-0003,Creative,Show Director,,Narrative Development|Creative Documentation|Stakeholder Presentations|Cue Integration,Opening Readiness|Show Direction,Macau,Macau,22.1987,113.5439,Water Stage,2026-12-03,2026-12-20,2026-12-19,2026-12-20,2026-12-21,2027-01-06,53,35,4,Ensemble,6.7,4.4,86.0,79.9,Standard,False,False,False,,False,True,6,True,English|Portuguese,False,9550.0,16650.0,True,True,105.0,High,Standard,2026-07-06,2026-07-19,Production includes complex cueing and strict safety briefings.,Auditioning
REQ-0115,PROD-0115,Streamlined mobile artificial intelligence Parade,Integrated Resort Show,CLI-0016,Technical,Costume Technician,,Repairs|Waterproofing,Quick Changes|Fittings|Costume Construction,Macau,Macau,22.1987,113.5439,Public Waterfront,2027-01-12,2027-01-22,2027-01-16,2027-01-22,2027-01-23,2027-02-08,16,28,20,Ensemble,8.9,3.8,0.0,0.0,Standard,False,False,False,First Aid,False,False,6,True,English,True,4200.0,4850.0,True,True,35.0,Medium,Standard,2026-07-07,2026-07-12,Role requires cross-department collaboration during technical integration.,Shortlisting
REQ-0116,PROD-0116,Persistent scalable approach Ceremony,Large-Scale Parade,CLI-0004,Production & Operations,Stage Manager,Safety Manager,Incident Reporting|Cast Coordination,Technical Rehearsals|Show Calling|Backstage Coordination,Dubai,UAE,25.2048,55.2708,Purpose-Built Theatre,2026-10-20,2026-11-04,2026-11-01,2026-11-04,2026-11-05,2026-11-30,67,42,2,Ensemble,9.0,4.0,0.0,0.0,Standard,False,False,False,,False,False,18,True,English,True,2750.0,4250.0,False,True,100.0,Medium,High,2026-07-11,2026-07-30,International travel documents must be ready before contracting.,Shortlisting
REQ-0117,PROD-0117,Multi-lateral next generation synergy Resident Show,Urban Mega-Celebration,CLI-0049,Production & Operations,Production Manager,Safety Manager|Stage Manager,Client Reporting|Opening Readiness,Production Management|Master Scheduling,Dubai,UAE,25.2048,55.2708,Purpose-Built Theatre,2026-09-04,2026-09-15,2026-09-14,2026-09-15,2026-09-16,2026-10-01,43,28,2,Ensemble,6.9,4.2,0.0,0.0,Standard,False,False,False,First Aid,False,False,18,True,English,True,6700.0,10100.0,False,True,125.0,Medium,Standard,2026-07-09,2026-08-06,International travel documents must be ready before contracting.,Open
REQ-0118,PROD-0118,Operative holistic utilization Parade,Integrated Resort Show,CLI-0078,Technical,Lighting Programmer,,Fixture Management|Networked Lighting,Moving Lights|Cueing|Troubleshooting,Las Vegas,United States,36.1699,-115.1398,Convention Campus,2026-09-23,2026-10-03,2026-09-29,2026-10-03,2026-10-04,2026-10-13,11,21,10,Ensemble,6.7,4.6,0.0,0.0,Standard,False,False,False,,False,False,12,True,English,False,4800.0,5450.0,True,True,100.0,Medium,Standard,2026-07-02,2026-07-27,Production includes complex cueing and strict safety briefings.,Open
REQ-0119,PROD-0119,Triple-buffered analyzing pricing structure Spectacle,Large-Scale Parade,CLI-0069,Performer,Character Performer,,Movement Direction|Physical Theatre|Parade Performance|Mask Performance,Costume Endurance|Audience Interaction,Macau,Macau,22.1987,113.5439,Purpose-Built Theatre,2026-11-03,2026-11-08,2026-11-06,2026-11-08,2026-11-09,2026-11-16,4,14,1,Department Lead,8.3,0.0,81.5,61.2,Standard,False,False,False,,False,True,12,True,English|Cantonese,False,2700.0,5300.0,True,True,105.0,Medium,Standard,2026-07-15,2026-07-28,Production includes complex cueing and strict safety briefings.,Shortlisting
REQ-0120,PROD-0120,Future-proofed multi-tasking analyzer Parade,Touring Arena Production,CLI-0050,Performer,Musician,,Live Performance|Click Track,In-Ear Monitoring|Night Rehearsals,Sydney,Australia,-33.8688,151.2093,Integrated Resort Theatre,2026-12-26,2026-12-30,2026-12-26,2026-12-30,2026-12-31,2027-01-04,4,10,2,Ensemble,10.8,4.0,66.5,85.5,Standard,False,True,False,,True,True,6,True,English,True,2750.0,4750.0,True,True,105.0,High,Standard,2026-07-04,2026-07-22,Strong ensemble discipline and rapid response to creative notes required.,Open
